[
   {
      "command" : "require",
      "group" : "0",
      "name" : "product",
      "value" : "arom-tiny"
   },
   {
      "command" : "require",
      "group" : "0",
      "name" : "version",
      "value" : "0.5"
   },
   {
      "command" : "require",
      "group" : "0",
      "name" : "version-bootrom",
      "value" : "2021.10.16"
   },
   {
      "command" : "progress",
      "group" : "0",
      "name" : "weight",
      "value" : 3215360
   },
   {
      "command" : "call",
      "group" : "0",
      "image" : "preboot.img"
   },
   {
      "command" : "call",
      "group" : "0",
      "image" : "flasher.img"
   },
   {
      "command" : "partition",
      "group" : "0",
      "image" : "flashinfo.bin"
   },
   {
      "command" : "partition",
      "group" : "0",
      "image" : "partition.bin"
   },
   {
      "command" : "flash",
      "group" : "1",
      "image" : "bootloader.ubi",
      "partition" : "bootloader",
      "weight" : 159744
   },
   {
      "command" : "flash",
      "group" : "2",
      "image" : "partition.bin",
      "partition" : "ptable",
      "weight" : 8192
   },
   {
      "command" : "flash",
      "group" : "2",
      "image" : "ReliableData_1606L.bin",
      "partition" : "rd",
      "weight" : 16384
   },
   {
      "command" : "flash",
      "group" : "2",
      "image" : "cp_1606L.bin",
      "partition" : "cp",
      "weight" : 2686976
   },
   {
      "command" : "flash",
      "group" : "2",
      "image" : "dsp.bin",
      "partition" : "dsp",
      "weight" : 196608
   },
   {
      "command" : "flash",
      "group" : "2",
      "image" : "rf_MV9.bin",
      "partition" : "rfbin",
      "weight" : 8192
   },
   {
      "command" : "erase",
      "group" : "3",
      "partition" : "fota_param",
      "weight" : 12288
   },
   {
      "command" : "erase",
      "group" : "4",
      "partition" : "nvm",
      "weight" : 102400
   },
   {
      "command" : "erase",
      "group" : "5",
      "partition" : "factory",
      "productionOnly" : true,
      "weight" : 24576
   }
]
